<?xml version="1.0" encoding="UTF-8"?>
<project-private xmlns="http://www.netbeans.org/ns/project-private/1">
    <editor-bookmarks xmlns="http://www.netbeans.org/ns/editor-bookmarks/2" lastBookmarkId="2">
        <file>
            <url>src/proyecto_amancio/Proyecto_amancio.java</url>
            <bookmark id="2">
                <name/>
                <line>115</line>
                <key/>
            </bookmark>
        </file>
    </editor-bookmarks>
    <open-files xmlns="http://www.netbeans.org/ns/projectui-open-files/2">
        <group>
            <file>file:/C:/Users/amanc/Desktop/DAM/Proyecto_amancio%20Interfazgrafica/src/proyecto_amancio_interfaz/Clubfutbol.java</file>
            <file>file:/C:/Users/amanc/Desktop/DAM/Proyecto_amancio%20Interfazgrafica/src/proyecto_amancio_interfaz/Pestañas.java</file>
            <file>file:/C:/Users/amanc/Desktop/DAM/Proyecto_amancio%20Interfazgrafica/src/proyecto_amancio_interfaz/Crearjug.java</file>
            <file>file:/C:/Users/amanc/Desktop/DAM/Proyecto_amancio%20Interfazgrafica/src/proyecto_amancio_interfaz/Jugador.java</file>
            <file>file:/C:/Users/amanc/Desktop/DAM/Proyecto_amancio%20Interfazgrafica/src/proyecto_amancio_interfaz/principal.java</file>
            <file>file:/C:/Users/amanc/Desktop/DAM/Proyecto_amancio%20Interfazgrafica/src/proyecto_amancio_interfaz/Liga.java</file>
        </group>
    </open-files>
</project-private>
